Date;Field;Treatment;Ganguil;Taxa;Stage;Abundance;Observations
2025-06-10;1;FO;A;;;;
2025-06-10;1;FO;B;Dytiscidae sp1;AD;6;
2025-06-10;1;FO;B;Sympetrum fonscolombii;LAR;5;
2025-06-10;1;FC;A;Procambarus clarkii;ALEV;1;
2025-06-10;1;FC;A;Hydaticus sp;AD;8;
2025-06-10;1;FC;B;Dytiscidae sp1;AD;7;
2025-06-10;1;BE;A;Procambarus clarkii;ALEV;2;
2025-06-10;1;BE;B;Procambarus clarkii;AD;1;
2025-06-10;1;FE;A;;;;
2025-06-10;1;FE;B;Procambarus clarkii;ALEV;1;
2025-06-10;1;FE;B;Dytiscidae sp1;AD;6;
2025-06-10;2;FE;A;Procambarus clarkii;ALEV;2;
2025-06-10;2;FE;A;Pelophylax perezi;AD;1;
2025-06-10;2;FE;A;Dytiscidae sp1;AD;1;
2025-06-10;2;FE;B;;;;
2025-06-10;2;FC;A;Procambarus clarkii;ALEV;1;
2025-06-10;2;FC;A;Pelophylax perezi;RENAC;1;
2025-06-10;2;FC;B;Procambarus clarkii;ALEV;3;
2025-06-10;2;BE;A;Dytiscidae sp1;AD;2;
2025-06-10;2;BE;A;Procambarus clarkii;ALEV;1;
2025-06-10;2;BE;B;Dytiscidae sp1;AD;1;
2025-06-10;2;FO;A;Dytiscidae sp1;AD;1;
2025-06-10;2;FO;B;;;;
2025-06-10;3;FC;A;Procambarus clarkii;ALEV;8;
2025-06-10;3;FC;A;Carassius sp;AD;6;
2025-06-10;3;FC;A;Dytiscidae sp1;AD;4;
2025-06-10;3;FC;B;Carassius sp;AD;1;
2025-06-10;3;FC;B;Procambarus clarkii;ALEV;3;
2025-06-10;3;FC;B;Procambarus clarkii;JUV;1;
2025-06-10;3;FC;B;Dytiscidae sp1;AD;6;
2025-06-10;3;BE;A;Carassius sp;AD;3;
2025-06-10;3;BE;A;Dytiscidae sp1;AD;5;
2025-06-10;3;BE;A;Procambarus clarkii;ALEV;2;
2025-06-10;3;BE;A;Procambarus clarkii;JUV;1;
2025-06-10;3;BE;B;Procambarus clarkii;JUV;1;
2025-06-10;3;BE;B;Dytiscidae sp1;AD;5;
2025-06-10;3;FE;A;Carassius sp;AD;2;
2025-06-10;3;FE;A;Procambarus clarkii;ALEV;2;
2025-06-10;3;FE;B;Carassius sp;AD;2;
2025-06-10;3;FE;B;Procambarus clarkii;AD;1;
2025-06-10;3;FE;B;Procambarus clarkii;ALEV;2;
2025-06-10;3;FO;A;Procambarus clarkii;AD;1;
2025-06-10;3;FO;A;Procambarus clarkii;ALEV;3;
2025-06-10;3;FO;B;Procambarus clarkii;AD;2;
2025-06-10;3;FO;B;Dytiscidae sp1;AD;9;
2025-06-10;3;FO;B;Procambarus clarkii;ALEV;1;
2025-06-10;4;FO;A;;;;
2025-06-10;4;FO;B;Pelophylax perezi;AD;1;
2025-06-10;4;FO;B;Procambarus clarkii;AD;1;
2025-06-10;4;FO;B;Procambarus clarkii;JUV;3;
2025-06-10;4;FO;B;Procambarus clarkii;ALEV;2;
2025-06-10;4;FO;B;Dytiscidae sp1;AD;2;
2025-06-10;4;FC;A;Procambarus clarkii;JUV;1;
2025-06-10;4;FC;B;Pelophylax perezi;AD;1;
2025-06-10;4;BE;A;Procambarus clarkii;AD;1;
2025-06-10;4;BE;A;Procambarus clarkii;ALEV;10;
2025-06-10;4;BE;A;Dytiscidae sp1;AD;1;
2025-06-10;4;BE;B;Procambarus clarkii;AD;1;
2025-06-10;4;BE;B;Carassius sp;AD;1;
2025-06-10;4;FE;A;Procambarus clarkii;JUV;2;
2025-06-10;4;FE;A;Procambarus clarkii;ALEV;5;
2025-06-10;4;FE;A;Dytiscidae sp1;AD;1;
2025-06-10;4;FE;A;Carassius sp;AD;3;
2025-06-10;4;FE;B;Procambarus clarkii;ALEV;5;
2025-06-10;4;FE;B;Dytiscidae sp1;AD;3;
2025-06-10;4;FE;B;Carassius sp;AD;1;
2025-06-11;5;FC;A;Procambarus clarkii;AD;2;
2025-06-11;5;FC;A;Procambarus clarkii;ALEV;1;
2025-06-11;5;FC;A;Pelophylax perezi;AD;1;
2025-06-11;5;FC;A;Dytiscidae sp1;AD;2;
2025-06-11;5;FC;B;;;;GANGUIL TUMBADO
2025-06-11;5;BE;A;Dytiscidae sp1;AD;1;
2025-06-11;5;BE;B;Procambarus clarkii;ALEV;10;
2025-06-11;5;FE;A;Procambarus clarkii;AD;1;
2025-06-11;5;FE;A;Procambarus clarkii;JUV;1;
2025-06-11;5;FE;B;;;;
2025-06-11;5;FO;A;Procambarus clarkii;AD;2;
2025-06-11;5;FO;A;Procambarus clarkii;JUV;1;
2025-06-11;5;FO;A;Procambarus clarkii;ALEV;1;
2025-06-11;5;FO;A;Dytiscidae sp1;AD;1;
2025-06-11;5;FO;B;;;;
2025-06-26;1;FO;A;;;;
2025-06-26;1;FO;B;Pelophylax perezi;AD;1;
2025-06-26;1;FO;B;Eretes sp;AD;24;
2025-06-26;1;FO;B;Dytiscidae sp1;AD;8;
2025-06-26;1;FC;A;Eretes sp;AD;1;
2025-06-26;1;FC;B;Eretes sp;AD;4;
2025-06-26;1;FC;B;Dytiscidae sp1;AD;15;
2025-06-26;1;FC;B;Stratiomyidae;LAR;2;GRANDES
2025-06-26;1;BE;A;Procambarus clarkii;AD;1;
2025-06-26;1;BE;A;Stratiomyidae;LAR;1;
2025-06-26;1;BE;A;Eretes sp;AD;6;
2025-06-26;1;BE;A;Dytiscidae sp1;AD;5;
2025-06-26;1;BE;B;Eretes sp;AD;15;
2025-06-26;1;BE;B;Anax parthenope;LAR;1;
2025-06-26;1;BE;B;Dytiscidae sp1;AD;1;
2025-06-26;1;FE;A;Eretes sp;AD;7;
2025-06-26;1;FE;A;Dytiscidae sp1;AD;22;
2025-06-26;1;FE;B;Anax parthenope;LAR;1;
2025-06-26;1;FE;B;Dytiscidae sp1;AD;16;
2025-06-26;1;FE;B;Eretes sp;AD;3;
2025-06-26;2;FE;A;Procambarus clarkii;ALEV;1;EN P2 POCO NIVEL AGUA, CUBRE MEDIA BOCA
2025-06-26;2;FE;A;Pelophylax perezi;RENAC;1;
2025-06-26;2;FE;A;Anax parthenope;LAR;6;
2025-06-26;2;FE;A;Sympetrum fonscolombii;LAR;2;
2025-06-26;2;FE;B;Carassius sp;AD;1;
2025-06-26;2;FE;B;Anax parthenope;LAR;13;
2025-06-26;2;FE;B;Sympetrum fonscolombii;LAR;1;
2025-06-26;2;FE;B;Dytiscidae sp1;AD;1;
2025-06-26;2;FC;A;Procambarus clarkii;ALEV;1;
2025-06-26;2;FC;A;Dytiscidae sp1;AD;1;
2025-06-26;2;FC;A;Anax parthenope;LAR;40;
2025-06-26;2;FC;B;Procambarus clarkii;JUV;1;
2025-06-26;2;FC;B;Anax parthenope;LAR;23;
2025-06-26;2;FC;B;Sympetrum fonscolombii;LAR;1;
2025-06-26;2;FC;B;Mugil sp;AD;1;LISA
2025-06-26;2;BE;A;Anax parthenope;LAR;25;
2025-06-26;2;BE;A;Pelophylax perezi;RENAC;1;
2025-06-26;2;BE;A;Sympetrum fonscolombii;LAR;2;
2025-06-26;2;BE;A;Dytiscidae sp1;AD;1;
2025-06-26;2;BE;B;Pelophylax perezi;AD;3;
2025-06-26;2;BE;B;Procambarus clarkii;ALEV;3;
2025-06-26;2;BE;B;Carassius sp;AD;1;
2025-06-26;2;BE;B;Anax parthenope;LAR;60;
2025-06-26;2;BE;B;Pseudorasbora sp;AD;1;
2025-06-26;2;BE;B;Sympetrum fonscolombii;LAR;4;
2025-06-26;2;FO;A;Anax parthenope;LAR;60;
2025-06-26;2;FO;A;Pelophylax perezi;RENAC;2;
2025-06-26;2;FO;A;Sympetrum fonscolombii;LAR;2;
2025-06-26;2;FO;B;Anax parthenope;LAR;50;
2025-06-26;2;FO;B;Sympetrum fonscolombii;LAR;2;
2025-06-26;2;FO;B;Pelophylax perezi;RENAC;1;
2025-06-26;3;FC;A;Pelophylax perezi;RENAC;4;
2025-06-26;3;FC;A;Carassius sp;AD;1;
2025-06-26;3;FC;A;Sympetrum fonscolombii;LAR;1;
2025-06-26;3;FC;A;Dytiscidae sp1;AD;2;
2025-06-26;3;FC;A;Ischnura sp;LAR;1;
2025-06-26;3;FC;B;Procambarus clarkii;JUV;1;
2025-06-26;3;FC;B;Pelophylax perezi;METAM;1;
2025-06-26;3;FC;B;Sympetrum fonscolombii;LAR;6;
2025-06-26;3;FC;B;Anax parthenope;LAR;9;
2025-06-26;3;BE;A;Carassius sp;AD;1;
2025-06-26;3;BE;A;Cybister sp;LAR;1;
2025-06-26;3;BE;A;Pelophylax perezi;RENAC;4;
2025-06-26;3;BE;A;Dytiscidae sp1;AD;1;
2025-06-26;3;BE;A;Anax parthenope;LAR;1;
2025-06-26;3;BE;B;Cybister sp;LAR;1;
2025-06-26;3;BE;B;Carassius sp;AD;3;
2025-06-26;3;BE;B;Procambarus clarkii;ALEV;2;
2025-06-26;3;BE;B;Sympetrum fonscolombii;LAR;3;
2025-06-26;3;BE;B;Anax parthenope;LAR;5;
2025-06-26;3;BE;B;Dytiscidae sp1;AD;1;
2025-06-26;3;FE;A;Procambarus clarkii;AD;1;
2025-06-26;3;FE;A;Cybister sp;LAR;1;
2025-06-26;3;FE;A;Pelophylax perezi;RENAC;3;
2025-06-26;3;FE;A;Sympetrum fonscolombii;LAR;3;
2025-06-26;3;FE;B;Procambarus clarkii;AD;1;
2025-06-26;3;FE;B;Pelophylax perezi;METAM;1;
2025-06-26;3;FE;B;Carassius sp;AD;1;
2025-06-26;3;FE;B;Anax parthenope;LAR;1;
2025-06-26;3;FE;B;Sympetrum fonscolombii;LAR;8;
2025-06-26;3;FO;A;Carassius sp;AD;1;
2025-06-26;3;FO;A;Pelophylax perezi;RENAC;3;
2025-06-26;3;FO;A;Sympetrum fonscolombii;LAR;5;
2025-06-26;3;FO;A;Dytiscidae sp1;AD;1;
2025-06-26;3;FO;B;Carassius sp;AD;2;
2025-06-26;3;FO;B;Procambarus clarkii;ALEV;2;
2025-06-26;3;FO;B;Procambarus clarkii;JUV;1;
2025-06-26;3;FO;B;Cybister sp;LAR;2;
2025-06-26;3;FO;B;Pelophylax perezi;RENAC;3;
2025-06-26;3;FO;B;Sympetrum fonscolombii;LAR;10;
2025-06-26;3;FO;B;Anax parthenope;LAR;5;
2025-06-26;3;FO;B;Dytiscidae sp1;AD;2;
2025-06-26;4;FO;A;Procambarus clarkii;ALEV;1;
2025-06-26;4;FO;A;Sympetrum fonscolombii;LAR;10;
2025-06-26;4;FO;A;Dytiscidae sp1;AD;15;
2025-06-26;4;FO;A;Anax parthenope;LAR;9;
2025-06-26;4;FO;B;Procambarus clarkii;AD;6;
2025-06-26;4;FO;B;Eretes sp;AD;2;
2025-06-26;4;FO;B;Dytiscidae sp1;AD;7;
2025-06-26;4;FO;B;Sympetrum fonscolombii;LAR;15;
2025-06-26;4;FO;B;Pelophylax perezi;RENAC;1;
2025-06-26;4;FO;B;Procambarus clarkii;ALEV;20;
2025-06-26;4;FC;A;Cybister sp;LAR;1;
2025-06-26;4;FC;A;Eretes sp;AD;3;
2025-06-26;4;FC;A;Procambarus clarkii;ALEV;1;
2025-06-26;4;FC;A;Dytiscidae sp1;AD;3;
2025-06-26;4;FC;A;Sympetrum fonscolombii;LAR;12;
2025-06-26;4;FC;B;Procambarus clarkii;ALEV;2;
2025-06-26;4;FC;B;Anax parthenope;LAR;3;
2025-06-26;4;FC;B;Sympetrum fonscolombii;LAR;6;
2025-06-26;4;FC;B;Dytiscidae sp1;AD;16;
2025-06-26;4;FC;B;Eretes sp;AD;1;
2025-06-26;4;BE;A;Eretes sp;AD;4;
2025-06-26;4;BE;A;Dytiscidae sp1;AD;3;
2025-06-26;4;BE;A;Pelophylax perezi;RENAC;1;
2025-06-26;4;BE;A;Stratiomyidae;LAR;1;
2025-06-26;4;BE;A;Sympetrum fonscolombii;LAR;2;
2025-06-26;4;BE;B;Procambarus clarkii;AD;1;
2025-06-26;4;BE;B;Eretes sp;AD;5;
2025-06-26;4;BE;B;Sympetrum fonscolombii;LAR;3;
2025-06-26;4;FE;A;Eretes sp;AD;7;
2025-06-26;4;FE;A;Dytiscidae sp1;AD;6;
2025-06-26;4;FE;A;Sympetrum fonscolombii;LAR;5;
2025-06-26;4;FE;A;Anax parthenope;LAR;1;
2025-06-26;4;FE;B;Procambarus clarkii;JUV;2;
2025-06-26;4;FE;B;Procambarus clarkii;ALEV;1;
2025-06-26;4;FE;B;Eretes sp;AD;8;
2025-06-26;4;FE;B;Dytiscidae sp1;AD;3;
2025-06-26;4;FE;B;Sympetrum fonscolombii;LAR;2;
2025-06-26;4;FE;B;Anax parthenope;LAR;1;
2025-06-27;5;FC;A;Procambarus clarkii;ALEV;28;
2025-06-27;5;FC;A;Pelophylax perezi;RENAC;5;
2025-06-27;5;FC;A;Dytiscidae sp1;AD;4;
2025-06-27;5;FC;A;Sympetrum fonscolombii;LAR;4;
2025-06-27;5;FC;A;Anax parthenope;LAR;4;
2025-06-27;5;FC;A;Epidalea calamita;AD;1;SAPO CORREDOR
2025-06-27;5;FC;B;Procambarus clarkii;AD;1;
2025-06-27;5;FC;B;Procambarus clarkii;JUV;2;
2025-06-27;5;FC;B;Procambarus clarkii;ALEV;17;
2025-06-27;5;FC;B;Dytiscidae sp1;AD;3;
2025-06-27;5;FC;B;Epidalea calamita;AD;1;
2025-06-27;5;FC;B;Epidalea calamita;RENAC;1;
2025-06-27;5;FC;B;Pelophylax perezi;AD;2;
2025-06-27;5;FC;B;Sympetrum fonscolombii;LAR;8;
2025-06-27;5;FC;B;Anax parthenope;LAR;4;
2025-06-27;5;BE;A;Procambarus clarkii;JUV;11;
2025-06-27;5;BE;A;Procambarus clarkii;ALEV;9;
2025-06-27;5;BE;A;Dytiscidae sp1;AD;6;
2025-06-27;5;BE;A;Pelophylax perezi;RENAC;6;
2025-06-27;5;BE;A;Cybister sp;LAR;1;
2025-06-27;5;BE;A;Sympetrum fonscolombii;LAR;7;
2025-06-27;5;BE;A;Anax parthenope;LAR;2;
2025-06-27;5;BE;B;Procambarus clarkii;JUV;5;
2025-06-27;5;BE;B;Procambarus clarkii;ALEV;16;
2025-06-27;5;BE;B;Dytiscidae sp1;AD;9;
2025-06-27;5;BE;B;Pelophylax perezi;RENAC;3;
2025-06-27;5;BE;B;Sympetrum fonscolombii;LAR;6;
2025-06-27;5;BE;B;Anax parthenope;LAR;17;
2025-06-27;5;FE;A;Procambarus clarkii;AD;1;
2025-06-27;5;FE;A;Procambarus clarkii;ALEV;1;
2025-06-27;5;FE;A;Mugil sp;AD;1;
2025-06-27;5;FE;A;Pelophylax perezi;RENAC;5;
2025-06-27;5;FE;A;Sympetrum fonscolombii;LAR;3;
2025-06-27;5;FE;A;Anax parthenope;LAR;5;
2025-06-27;5;FE;B;Procambarus clarkii;JUV;4;
2025-06-27;5;FE;B;Procambarus clarkii;ALEV;12;
2025-06-27;5;FE;B;Eretes sp;AD;1;
2025-06-27;5;FE;B;Pelophylax perezi;RENAC;1;
2025-06-27;5;FE;B;Sympetrum fonscolombii;LAR;5;
2025-06-27;5;FE;B;Anax parthenope;LAR;8;
2025-06-27;5;FE;B;Dytiscidae sp1;AD;1;
2025-06-27;5;FO;A;Carassius sp;AD;1;
2025-06-27;5;FO;A;Procambarus clarkii;ALEV;5;
2025-06-27;5;FO;A;Pelophylax perezi;RENAC;2;
2025-06-27;5;FO;A;Sympetrum fonscolombii;LAR;4;
2025-06-27;5;FO;A;Anax parthenope;LAR;5;
2025-06-27;5;FO;B;Procambarus clarkii;AD;2;
2025-06-27;5;FO;B;Gobio lozanoi;AD;2;
2025-06-27;5;FO;B;Procambarus clarkii;ALEV;12;
2025-06-27;5;FO;B;Sympetrum fonscolombii;LAR;8;
2025-06-27;5;FO;B;Pelophylax perezi;RENAC;2;
2025-06-27;5;FO;B;Anax parthenope;LAR;15;
2025-06-27;5;FO;B;Pseudorasbora sp;AD;1;
2025-07-08;1;FO;A;Eretes sp;AD;3;
2025-07-08;1;FO;B;Procambarus clarkii;AD;1;
2025-07-08;1;FO;B;Procambarus clarkii;JUV;1;
2025-07-08;1;FO;B;Pelophylax perezi;AD;1;
2025-07-08;1;FO;B;Anax parthenope;LAR;3;
2025-07-08;1;FO;B;Eretes sp;AD;8;
2025-07-08;1;FO;B;Dytiscidae sp1;AD;12;
2025-07-08;1;FC;A;Pelophylax perezi;AD;1;
2025-07-08;1;FC;A;Procambarus clarkii;JUV;1;
2025-07-08;1;FC;A;Anax parthenope;LAR;1;
2025-07-08;1;FC;A;Ischnura sp;LAR;1;
2025-07-08;1;FC;A;Eretes sp;AD;13;
2025-07-08;1;FC;A;Dytiscidae sp1;AD;27;
2025-07-08;1;FC;B;Procambarus clarkii;ALEV;3;
2025-07-08;1;FC;B;Eretes sp;AD;8;
2025-07-08;1;FC;B;Dytiscidae sp1;AD;25;
2025-07-08;1;BE;A;Procambarus clarkii;AD;1;
2025-07-08;1;BE;A;Anax parthenope;LAR;2;
2025-07-08;1;BE;A;Eretes sp;AD;25;
2025-07-08;1;BE;A;Dytiscidae sp1;AD;20;
2025-07-08;1;BE;B;Eretes sp;AD;10;
2025-07-08;1;BE;B;Dytiscidae sp1;AD;30;
2025-07-08;1;FE;A;Procambarus clarkii;JUV;1;
2025-07-08;1;FE;A;Procambarus clarkii;ALEV;2;
2025-07-08;1;FE;A;Misgurnus anguillicaudatus;AD;1;
2025-07-08;1;FE;A;Eretes sp;AD;9;
2025-07-08;1;FE;A;Dytiscidae sp1;AD;26;
2025-07-08;1;FE;A;Anax parthenope;LAR;1;
2025-07-08;1;FE;B;Eretes sp;AD;6;
2025-07-08;1;FE;B;Dytiscidae sp1;AD;1;
2025-07-08;2;FE;A;Dytiscidae sp1;AD;2;
2025-07-08;2;FE;B;Pelophylax perezi;AD;1;
2025-07-08;2;FE;B;Alburnus alburnus;AD;1;COMPROBAR LA FOTO
2025-07-08;2;FE;B;Anax parthenope;LAR;1;
2025-07-08;2;FC;A;Procambarus clarkii;ALEV;1;
2025-07-08;2;FC;A;Ischnura sp;LAR;1;
2025-07-08;2;FC;A;Anax parthenope;LAR;3;
2025-07-08;2;FC;B;Pelophylax perezi;RENAC;6;
2025-07-08;2;FC;B;Procambarus clarkii;ALEV;1;
2025-07-08;2;FC;B;Anax parthenope;LAR;1;
2025-07-08;2;BE;A;Procambarus clarkii;AD;1;
2025-07-08;2;BE;A;Pseudorasbora sp;AD;1;
2025-07-08;2;BE;A;Anax parthenope;LAR;5;
2025-07-08;2;BE;A;Ischnura sp;LAR;1;
2025-07-08;2;BE;B;Procambarus clarkii;JUV;1;
2025-07-08;2;BE;B;Pelophylax perezi;RENAC;2;
2025-07-08;2;BE;B;Procambarus clarkii;ALEV;2;
2025-07-08;2;BE;B;Anax parthenope;LAR;7;
2025-07-08;2;BE;B;Ischnura sp;LAR;1;
2025-07-08;2;FO;A;Carassius sp;AD;1;
2025-07-08;2;FO;A;Misgurnus anguillicaudatus;AD;1;
2025-07-08;2;FO;A;Anax parthenope;LAR;9;
2025-07-08;2;FO;A;Procambarus clarkii;ALEV;2;
2025-07-08;2;FO;A;Dytiscidae sp1;AD;7;
2025-07-08;2;FO;B;Anax parthenope;LAR;6;
2025-07-08;2;FO;B;Misgurnus anguillicaudatus;AD;1;
2025-07-08;2;FO;B;Dytiscidae sp1;AD;4;
2025-07-08;2;FO;B;Ischnura sp;LAR;1;
2025-07-08;3;FC;A;Pelophylax perezi;RENAC;2;
2025-07-08;3;FC;A;Procambarus clarkii;ALEV;4;
2025-07-08;3;FC;A;Anax parthenope;LAR;1;
2025-07-08;3;FC;A;Cybister sp;LAR;2;
2025-07-08;3;FC;B;Pelophylax perezi;RENAC;5;
2025-07-08;3;FC;B;Procambarus clarkii;ALEV;2;
2025-07-08;3;FC;B;Anax parthenope;LAR;2;
2025-07-08;3;FC;B;Cybister sp;LAR;1;
2025-07-08;3;BE;A;Procambarus clarkii;ALEV;3;
2025-07-08;3;BE;A;Pelophylax perezi;RENAC;3;
2025-07-08;3;BE;A;Pelophylax perezi;AD;1;
2025-07-08;3;BE;A;Anax parthenope;LAR;1;
2025-07-08;3;BE;B;Anax parthenope;LAR;1;
2025-07-08;3;BE;B;Cybister sp;LAR;1;
2025-07-08;3;BE;B;Pelophylax perezi;RENAC;1;
2025-07-08;3;FE;A;Anax parthenope;LAR;2;
2025-07-08;3;FE;A;Cybister sp;LAR;1;
2025-07-08;3;FE;A;Pelophylax perezi;RENAC;1;
2025-07-08;3;FE;A;Procambarus clarkii;ALEV;2;
2025-07-08;3;FE;B;Anax parthenope;LAR;7;
2025-07-08;3;FE;B;Procambarus clarkii;ALEV;3;
2025-07-08;3;FO;A;Anax parthenope;LAR;3;
2025-07-08;3;FO;A;Pelophylax perezi;RENAC;1;
2025-07-08;3;FO;A;Procambarus clarkii;ALEV;1;
2025-07-08;3;FO;B;Anax parthenope;LAR;3;
2025-07-08;3;FO;B;Pelophylax perezi;AD;1;
2025-07-08;3;FO;B;Sympetrum fonscolombii;LAR;1;
2025-07-09;4;FO;A;Anax parthenope;LAR;1;
2025-07-09;4;FO;A;Dytiscidae sp1;AD;4;
2025-07-09;4;FO;A;Eretes sp;AD;1;
2025-07-09;4;FO;B;Alburnus alburnus;AD;1;IGUAL QUE PEZ FOTO 2FEB. MAS PEQUE QUE LUZ MALLA ANTI PECES, PODRIA PASAR
2025-07-09;4;FO;B;Anax parthenope;LAR;1;
2025-07-09;4;FO;B;Dytiscidae sp1;AD;2;
2025-07-09;4;FC;A;Eretes sp;AD;5;
2025-07-09;4;FC;A;Dytiscidae sp1;AD;30;
2025-07-09;4;FC;B;Eretes sp;AD;5;
2025-07-09;4;FC;B;Dytiscidae sp1;AD;1;
2025-07-09;4;BE;A;Cybister sp;LAR;1;
2025-07-09;4;BE;A;Eretes sp;AD;2;
2025-07-09;4;BE;A;Dytiscidae sp1;AD;11;
2025-07-09;4;BE;B;Carassius sp;AD;1;
2025-07-09;4;BE;B;Eretes sp;AD;2;
2025-07-09;4;FE;A;Alburnus alburnus;AD;1;IGUAL QUE PEZ FOTO 2FEB.
2025-07-09;4;FE;A;Eretes sp;AD;5;
2025-07-09;4;FE;A;Dytiscidae sp1;AD;24;
2025-07-09;4;FE;B;Eretes sp;AD;10;
2025-07-09;4;FE;B;Dytiscidae sp1;AD;32;
2025-07-09;5;FC;A;Procambarus clarkii;AD;1;
2025-07-09;5;FC;A;Anax parthenope;LAR;14;
2025-07-09;5;FC;A;Dytiscidae sp1;AD;14;
2025-07-09;5;FC;B;Procambarus clarkii;JUV;1;
2025-07-09;5;FC;B;Procambarus clarkii;ALEV;1;
2025-07-09;5;FC;B;Anax parthenope;LAR;16;
2025-07-09;5;FC;B;Dytiscidae sp1;AD;11;
2025-07-09;5;BE;A;Pelophylax perezi;AD;1;
2025-07-09;5;BE;A;Anax parthenope;LAR;6;
2025-07-09;5;BE;A;Dytiscidae sp1;AD;5;
2025-07-09;5;BE;B;Procambarus clarkii;JUV;1;
2025-07-09;5;BE;B;Procambarus clarkii;ALEV;2;
2025-07-09;5;BE;B;Anax parthenope;LAR;8;
2025-07-09;5;BE;B;Dytiscidae sp1;AD;2;
2025-07-09;5;FE;A;Procambarus clarkii;JUV;1;
2025-07-09;5;FE;A;Anax parthenope;LAR;7;
2025-07-09;5;FE;A;Dytiscidae sp1;AD;15;
2025-07-09;5;FE;B;Anax parthenope;LAR;12;
2025-07-09;5;FE;B;Dytiscidae sp1;AD;2;
2025-07-09;5;FO;A;Procambarus clarkii;AD;1;
2025-07-09;5;FO;A;Anax parthenope;LAR;3;
2025-07-09;5;FO;A;Sympetrum fonscolombii;LAR;1;
2025-07-09;5;FO;A;Dytiscidae sp1;AD;13;
2025-07-09;5;FO;B;Procambarus clarkii;AD;1;
2025-07-09;5;FO;B;Procambarus clarkii;JUV;1;
2025-07-09;5;FO;B;Anax parthenope;LAR;7;
2025-07-09;5;FO;B;Dytiscidae sp1;AD;16;
2025-07-22;1;FO;A;Anax parthenope;LAR;8;
2025-07-22;1;FO;A;Procambarus clarkii;JUV;1;
2025-07-22;1;FO;A;Hydaticus sp;AD;2;
2025-07-22;1;FO;B;Anax parthenope;LAR;2;
2025-07-22;1;FO;B;Pelophylax perezi;AD;2;
2025-07-22;1;FO;B;Dytiscidae sp1;AD;4;
2025-07-22;1;FC;A;Anax parthenope;LAR;10;
2025-07-22;1;FC;A;Dytiscidae sp1;AD;6;
2025-07-22;1;FC;A;Pelophylax perezi;AD;2;UNA COMIDA, PARECE QUE POR AESHNIDOS
2025-07-22;1;FC;A;Procambarus clarkii;JUV;1;
2025-07-22;1;FC;B;Procambarus clarkii;JUV;1;
2025-07-22;1;FC;B;Anax parthenope;LAR;2;
2025-07-22;1;FC;B;Pelophylax perezi;RENAC;1;
2025-07-22;1;FC;B;Dytiscidae sp1;AD;7;
2025-07-22;1;BE;A;Anax parthenope;LAR;17;
2025-07-22;1;BE;A;Dytiscus sp;AD;3;
2025-07-22;1;BE;A;Procambarus clarkii;ALEV;1;
2025-07-22;1;BE;A;Hydaticus sp;AD;3;
2025-07-22;1;BE;B;Anax parthenope;LAR;5;
2025-07-22;1;BE;B;Hydaticus sp;AD;4;
2025-07-22;1;BE;B;Procambarus clarkii;ALEV;1;
2025-07-22;1;FE;A;Anax parthenope;LAR;7;
2025-07-22;1;FE;A;Hydaticus sp;AD;2;
2025-07-22;1;FE;A;Procambarus clarkii;ALEV;1;
2025-07-22;1;FE;B;Anax parthenope;LAR;9;
2025-07-22;1;FE;B;Hydaticus sp;AD;8;
2025-07-22;1;FE;B;Procambarus clarkii;ALEV;1;
2025-07-22;2;FE;A;Anax parthenope;LAR;2;
2025-07-22;2;FE;A;Misgurnus anguillicaudatus;AD;1;
2025-07-22;2;FE;A;Procambarus clarkii;ALEV;2;
2025-07-22;2;FE;B;Pelophylax perezi;AD;1;COMIDA
2025-07-22;2;FE;B;Pelophylax perezi;RENAC;2;
2025-07-22;2;FE;B;Anax parthenope;LAR;5;
2025-07-22;2;FC;A;Procambarus clarkii;AD;1;
2025-07-22;2;FC;A;Anax parthenope;LAR;1;
2025-07-22;2;FC;B;Pelophylax perezi;AD;1;DEMASIADO GRANDE COMO PARA CABER EN LA MALLA
2025-07-22;2;FC;B;Pelophylax perezi;RENAC;5;
2025-07-22;2;FC;B;Anax parthenope;LAR;2;
2025-07-22;2;FC;B;Hydaticus sp;AD;1;
2025-07-22;2;BE;A;Misgurnus anguillicaudatus;AD;2;
2025-07-22;2;BE;A;Procambarus clarkii;ALEV;1;
2025-07-22;2;BE;A;Pelophylax perezi;RENAC;2;
2025-07-22;2;BE;A;Anax parthenope;LAR;1;
2025-07-22;2;BE;B;Misgurnus anguillicaudatus;AD;1;GUARDADO EN BOTE
2025-07-22;2;BE;B;Procambarus clarkii;AD;1;
2025-07-22;2;BE;B;Pelophylax perezi;AD;1;GRANDE
2025-07-22;2;BE;B;Pelophylax perezi;RENAC;5;
2025-07-22;2;BE;B;Anax parthenope;LAR;1;COMIDO
2025-07-22;2;BE;B;Hydaticus sp;AD;8;
2025-07-22;2;FO;A;Misgurnus anguillicaudatus;AD;2;GUARDADO EN BOTE
2025-07-22;2;FO;A;Anax parthenope;LAR;2;
2025-07-22;2;FO;B;Misgurnus anguillicaudatus;AD;2;GUARDADO EN BOTE
2025-07-22;2;FO;B;Pelophylax perezi;RENAC;1;
2025-07-22;2;FO;B;Anax parthenope;LAR;5;
2025-07-22;2;FO;B;Procambarus clarkii;AD;1;
2025-07-22;3;FC;A;Procambarus clarkii;ALEV;2;
2025-07-22;3;FC;A;Hydaticus sp;AD;1;
2025-07-22;3;FC;A;Anax parthenope;LAR;1;
2025-07-22;3;FC;B;Hydaticus sp;AD;3;
2025-07-22;3;FC;B;Anax imperator;LAR;1;
2025-07-22;3;BE;A;Pelophylax perezi;AD;1;
2025-07-22;3;BE;A;Pelophylax perezi;RENAC;1;
2025-07-22;3;BE;A;Procambarus clarkii;ALEV;2;
2025-07-22;3;BE;A;Anax imperator;LAR;1;
2025-07-22;3;BE;A;Anax parthenope;LAR;1;
2025-07-22;3;BE;B;Procambarus clarkii;ALEV;3;
2025-07-22;3;BE;B;Procambarus clarkii;JUV;1;
2025-07-22;3;BE;B;Pelophylax perezi;RENAC;1;
2025-07-22;3;BE;B;Hydaticus sp;AD;1;
2025-07-22;3;BE;B;Misgurnus anguillicaudatus;AD;5;GUARDADO EN BOTE
2025-07-22;3;FE;A;Misgurnus anguillicaudatus;AD;1;GUARDADO EN BOTE
2025-07-22;3;FE;A;Anax parthenope;LAR;2;
2025-07-22;3;FE;A;Sympetrum fonscolombii;LAR;2;
2025-07-22;3;FE;A;Hydaticus sp;AD;2;
2025-07-22;3;FE;A;Procambarus clarkii;ALEV;1;
2025-07-22;3;FE;A;Eretes sp;AD;1;COMIDO
2025-07-22;3;FE;B;Pelophylax perezi;RENAC;2;
2025-07-22;3;FE;B;Anax parthenope;LAR;1;
2025-07-22;3;FO;A;Procambarus clarkii;ALEV;1;
2025-07-22;3;FO;A;Misgurnus anguillicaudatus;AD;1;
2025-07-22;3;FO;A;Pelophylax perezi;RENAC;1;
2025-07-22;3;FO;A;Anax parthenope;LAR;1;
2025-07-22;3;FO;A;Hydaticus sp;AD;1;
2025-07-22;3;FO;B;Misgurnus anguillicaudatus;AD;8;
2025-07-22;3;FO;B;Pelophylax perezi;AD;1;
2025-07-22;3;FO;B;Anax parthenope;LAR;1;
2025-07-22;3;FO;B;Hydaticus sp;AD;1;
2025-07-23;4;FO;A;Anax parthenope;LAR;2;
2025-07-23;4;FO;A;Sympetrum fonscolombii;LAR;10;
2025-07-23;4;FO;B;Procambarus clarkii;AD;1;
2025-07-23;4;FO;B;Procambarus clarkii;ALEV;1;
2025-07-23;4;FO;B;Anax parthenope;LAR;7;
2025-07-23;4;FO;B;Sympetrum fonscolombii;LAR;35;
2025-07-23;4;FO;B;Hydaticus sp;AD;1;
2025-07-23;4;FC;A;Procambarus clarkii;ALEV;3;
2025-07-23;4;FC;A;Anax parthenope;LAR;4;
2025-07-23;4;FC;A;Sympetrum fonscolombii;LAR;43;
2025-07-23;4;FC;A;Hydaticus sp;AD;12;
2025-07-23;4;FC;B;Procambarus clarkii;ALEV;1;
2025-07-23;4;FC;B;Anax parthenope;LAR;2;
2025-07-23;4;FC;B;Sympetrum fonscolombii;LAR;17;
2025-07-23;4;FC;B;Hydaticus sp;AD;4;
2025-07-23;4;BE;A;Procambarus clarkii;ALEV;3;
2025-07-23;4;BE;A;Anax parthenope;LAR;4;
2025-07-23;4;BE;A;Sympetrum fonscolombii;LAR;24;
2025-07-23;4;BE;B;Pelophylax perezi;AD;1;
2025-07-23;4;BE;B;Anax parthenope;LAR;5;
2025-07-23;4;BE;B;Sympetrum fonscolombii;LAR;120;
2025-07-23;4;BE;B;Hydaticus sp;AD;2;
2025-07-23;4;FE;A;Anax parthenope;LAR;4;
2025-07-23;4;FE;A;Procambarus clarkii;ALEV;4;
2025-07-23;4;FE;A;Sympetrum fonscolombii;LAR;26;
2025-07-23;4;FE;A;Hydaticus sp;AD;6;
2025-07-23;4;FE;B;Misgurnus anguillicaudatus;AD;1;
2025-07-23;4;FE;B;Anax parthenope;LAR;9;
2025-07-23;4;FE;B;Dytiscus sp;AD;1;
2025-07-23;4;FE;B;Hydaticus sp;AD;21;
2025-07-23;4;FE;B;Sympetrum fonscolombii;LAR;100;
2025-07-23;4;FE;B;Procambarus clarkii;ALEV;1;
2025-07-23;4;FE;B;Eretes sp;AD;1;
2025-07-23;5;FC;A;Procambarus clarkii;AD;6;
2025-07-23;5;FC;A;Misgurnus anguillicaudatus;AD;1;
2025-07-23;5;FC;A;Procambarus clarkii;ALEV;1;
2025-07-23;5;FC;A;Anax parthenope;LAR;3;
2025-07-23;5;FC;A;Hydaticus sp;AD;1;
2025-07-23;5;FC;B;Procambarus clarkii;AD;3;
2025-07-23;5;FC;B;Procambarus clarkii;JUV;2;
2025-07-23;5;FC;B;Procambarus clarkii;ALEV;1;
2025-07-23;5;FC;B;Anax parthenope;LAR;3;
2025-07-23;5;FC;B;Hydaticus sp;AD;1;
2025-07-23;5;BE;A;Procambarus clarkii;AD;2;
2025-07-23;5;BE;A;Procambarus clarkii;JUV;4;
2025-07-23;5;BE;A;Procambarus clarkii;ALEV;2;
2025-07-23;5;BE;A;Anax parthenope;LAR;1;
2025-07-23;5;BE;A;Hydaticus sp;AD;1;
2025-07-23;5;BE;B;Procambarus clarkii;AD;3;
2025-07-23;5;BE;B;Procambarus clarkii;JUV;1;
2025-07-23;5;BE;B;Procambarus clarkii;ALEV;2;
2025-07-23;5;BE;B;Anax parthenope;LAR;1;
2025-07-23;5;FE;A;Procambarus clarkii;AD;9;
2025-07-23;5;FE;A;Procambarus clarkii;JUV;6;
2025-07-23;5;FE;A;Procambarus clarkii;ALEV;1;
2025-07-23;5;FE;A;Anax parthenope;LAR;1;
2025-07-23;5;FE;A;Hydaticus sp;AD;2;
2025-07-23;5;FE;B;Procambarus clarkii;AD;6;
2025-07-23;5;FE;B;Procambarus clarkii;JUV;10;
2025-07-23;5;FE;B;Procambarus clarkii;ALEV;4;
2025-07-23;5;FE;B;Hydaticus sp;AD;2;
2025-07-23;5;FO;A;Procambarus clarkii;AD;3;
2025-07-23;5;FO;A;Procambarus clarkii;JUV;3;
2025-07-23;5;FO;A;Procambarus clarkii;ALEV;4;
2025-07-23;5;FO;A;Anax parthenope;LAR;1;
2025-07-23;5;FO;A;Hydaticus sp;AD;1;
2025-07-23;5;FO;B;Procambarus clarkii;AD;8;
2025-07-23;5;FO;B;Procambarus clarkii;JUV;10;
2025-07-23;5;FO;B;Procambarus clarkii;ALEV;5;
2025-07-23;5;FO;B;Anax parthenope;LAR;4;
2025-07-23;5;FO;B;Hydaticus sp;AD;1;
2025-08-06;1;FO;A;Anax parthenope;LAR;2;
2025-08-06;1;FO;A;Hydaticus sp;AD;1;
2025-08-06;1;FO;A;Eretes sp;AD;1;
2025-08-06;1;FO;B;Anax parthenope;LAR;1;
2025-08-06;1;FC;A;Anax parthenope;LAR;1;
2025-08-06;1;FC;A;Dytiscus sp;AD;4;
2025-08-06;1;FC;A;Hydaticus sp;AD;4;
2025-08-06;1;FC;B;Pelophylax perezi;AD;1;
2025-08-06;1;FC;B;Procambarus clarkii;JUV;1;
2025-08-06;1;FC;B;Ischnura sp;LAR;1;
2025-08-06;1;FC;B;Dytiscus sp;AD;2;
2025-08-06;1;FC;B;Hydaticus sp;AD;14;
2025-08-06;1;BE;A;Pelophylax perezi;AD;4;
2025-08-06;1;BE;A;Pelophylax perezi;RENAC;1;
2025-08-06;1;BE;A;Anax parthenope;LAR;3;
2025-08-06;1;BE;A;Dytiscus sp;AD;3;
2025-08-06;1;BE;A;Hydaticus sp;AD;8;
2025-08-06;1;BE;B;Dytiscus sp;AD;1;
2025-08-06;1;BE;B;Ischnura sp;LAR;2;
2025-08-06;1;BE;B;Anax imperator;LAR;1;
2025-08-06;1;BE;B;Pelophylax perezi;RENAC;1;
2025-08-06;1;FE;A;Procambarus clarkii;JUV;1;
2025-08-06;1;FE;A;Anax parthenope;LAR;1;
2025-08-06;1;FE;A;Dytiscus sp;AD;1;
2025-08-06;1;FE;A;Hydaticus sp;AD;11;
2025-08-06;1;FE;B;Anax parthenope;LAR;2;
2025-08-06;1;FE;B;Dytiscus sp;AD;2;
2025-08-06;1;FE;B;Hydaticus sp;AD;9;
2025-08-06;2;FE;A;Procambarus clarkii;JUV;1;
2025-08-06;2;FE;A;Misgurnus anguillicaudatus;AD;1;
2025-08-06;2;FE;A;Hydaticus sp;AD;1;
2025-08-06;2;FE;B;Procambarus clarkii;AD;1;
2025-08-06;2;FE;B;Procambarus clarkii;JUV;3;
2025-08-06;2;FE;B;Misgurnus anguillicaudatus;AD;1;
2025-08-06;2;FE;B;Pelophylax perezi;AD;1;
2025-08-06;2;FE;B;Hydaticus sp;AD;2;
2025-08-06;2;FC;A;Pelophylax perezi;AD;1;
2025-08-06;2;FC;A;Hydaticus sp;AD;1;
2025-08-06;2;FC;B;Pelophylax perezi;AD;1;
2025-08-06;2;FC;B;Pelophylax perezi;RENAC;2;
2025-08-06;2;FC;B;Hydaticus sp;AD;3;
2025-08-06;2;BE;A;Procambarus clarkii;AD;1;
2025-08-06;2;BE;A;Procambarus clarkii;JUV;1;
2025-08-06;2;BE;A;Misgurnus anguillicaudatus;AD;1;
2025-08-06;2;BE;A;Pelophylax perezi;AD;1;
2025-08-06;2;BE;A;Hydaticus sp;AD;1;
2025-08-06;2;BE;B;Procambarus clarkii;AD;1;
2025-08-06;2;BE;B;Hydaticus sp;AD;3;
2025-08-06;2;FO;A;Procambarus clarkii;JUV;1;
2025-08-06;2;FO;A;Hydaticus sp;AD;1;
2025-08-06;2;FO;B;Procambarus clarkii;AD;1;
2025-08-06;2;FO;B;Hydaticus sp;AD;11;
2025-08-06;3;FC;A;Procambarus clarkii;JUV;2;
2025-08-06;3;FC;A;Misgurnus anguillicaudatus;AD;2;
2025-08-06;3;FC;A;Hydaticus sp;AD;5;
2025-08-06;3;FC;A;Sympetrum fonscolombii;LAR;1;
2025-08-06;3;FC;A;Ischnura sp;LAR;1;
2025-08-06;3;FC;B;Pelophylax perezi;RENAC;1;
2025-08-06;3;FC;B;Hydaticus sp;AD;1;
2025-08-06;3;FC;B;Ischnura sp;LAR;1;
2025-08-06;3;BE;A;Procambarus clarkii;JUV;1;
2025-08-06;3;BE;A;Pelophylax perezi;AD;1;
2025-08-06;3;BE;A;Pelophylax perezi;RENAC;3;
2025-08-06;3;BE;A;Ischnura sp;LAR;4;
2025-08-06;3;BE;A;Sympetrum fonscolombii;LAR;1;
2025-08-06;3;BE;B;Procambarus clarkii;JUV;6;
2025-08-06;3;BE;B;Misgurnus anguillicaudatus;AD;3;
2025-08-06;3;BE;B;Pelophylax perezi;AD;1;
2025-08-06;3;BE;B;Pelophylax perezi;RENAC;4;
2025-08-06;3;BE;B;Hydaticus sp;AD;1;
2025-08-06;3;BE;B;Sympetrum fonscolombii;LAR;1;
2025-08-06;3;BE;B;Ischnura sp;LAR;1;
2025-08-06;3;FE;A;Procambarus clarkii;JUV;3;
2025-08-06;3;FE;A;Procambarus clarkii;ALEV;1;
2025-08-06;3;FE;A;Misgurnus anguillicaudatus;AD;3;
2025-08-06;3;FE;A;Pelophylax perezi;RENAC;1;
2025-08-06;3;FE;B;Misgurnus anguillicaudatus;AD;1;
2025-08-06;3;FE;B;Procambarus clarkii;JUV;1;
2025-08-06;3;FE;B;Anax parthenope;LAR;1;
2025-08-06;3;FE;B;Pelophylax perezi;RENAC;3;
2025-08-06;3;FO;A;Procambarus clarkii;AD;1;
2025-08-06;3;FO;A;Procambarus clarkii;JUV;2;
2025-08-06;3;FO;A;Sympetrum fonscolombii;LAR;1;
2025-08-06;3;FO;B;Procambarus clarkii;AD;3;
2025-08-06;3;FO;B;Procambarus clarkii;JUV;4;
2025-08-06;3;FO;B;Pelophylax perezi;RENAC;1;COMIDO
2025-08-06;3;FO;B;Ischnura sp;LAR;2;
2025-08-06;3;FO;B;Hydaticus sp;AD;2;
2025-08-06;3;FO;B;Sympetrum fonscolombii;LAR;2;
2025-08-06;4;FO;A;Procambarus clarkii;AD;1;P4 CON POCA AGUA, NO LLEGA A CUBRIR TODA LA ENTRADA
2025-08-06;4;FO;A;Procambarus clarkii;JUV;1;
2025-08-06;4;FO;A;Procambarus clarkii;ALEV;1;
2025-08-06;4;FO;A;Anax parthenope;LAR;1;
2025-08-06;4;FO;A;Hydaticus sp;AD;4;
2025-08-06;4;FO;A;Ischnura sp;LAR;1;
2025-08-06;4;FO;B;Procambarus clarkii;AD;1;
2025-08-06;4;FO;B;Procambarus clarkii;JUV;1;
2025-08-06;4;FO;B;Anax parthenope;LAR;1;
2025-08-06;4;FC;A;Procambarus clarkii;JUV;4;
2025-08-06;4;FC;A;Procambarus clarkii;ALEV;1;
2025-08-06;4;FC;A;Anax parthenope;LAR;1;
2025-08-06;4;FC;A;Hydaticus sp;AD;4;
2025-08-06;4;FC;B;Procambarus clarkii;JUV;3;
2025-08-06;4;FC;B;Hydaticus sp;AD;2;
2025-08-06;4;BE;A;Procambarus clarkii;JUV;1;
2025-08-06;4;BE;A;Hydaticus sp;AD;4;
2025-08-06;4;BE;B;Procambarus clarkii;JUV;2;
2025-08-06;4;BE;B;Anax parthenope;LAR;2;
2025-08-06;4;BE;B;Hydaticus sp;AD;3;
2025-08-06;4;FE;A;Procambarus clarkii;JUV;3;
2025-08-06;4;FE;A;Anax parthenope;LAR;2;
2025-08-06;4;FE;A;Sympetrum fonscolombii;LAR;4;
2025-08-06;4;FE;A;Hydaticus sp;AD;1;
2025-08-06;4;FE;B;Procambarus clarkii;JUV;1;
2025-08-06;4;FE;B;Sympetrum fonscolombii;LAR;2;
2025-08-06;4;FE;B;Hydaticus sp;AD;2;
2025-08-07;5;FC;A;Procambarus clarkii;AD;1;
2025-08-07;5;FC;A;Procambarus clarkii;JUV;5;
2025-08-07;5;FC;A;Procambarus clarkii;ALEV;1;
2025-08-07;5;FC;A;Hydaticus sp;AD;3;
2025-08-07;5;FC;B;Procambarus clarkii;AD;4;
2025-08-07;5;FC;B;Procambarus clarkii;JUV;3;
2025-08-07;5;FC;B;Anax parthenope;LAR;1;
2025-08-07;5;FC;B;Hydaticus sp;AD;3;
2025-08-07;5;FC;B;Sympetrum fonscolombii;LAR;1;
2025-08-07;5;FC;B;Ischnura sp;LAR;1;
2025-08-07;5;BE;A;Pelophylax perezi;AD;1;
2025-08-07;5;BE;A;Procambarus clarkii;AD;2;
2025-08-07;5;BE;A;Procambarus clarkii;JUV;4;
2025-08-07;5;BE;A;Procambarus clarkii;ALEV;2;
2025-08-07;5;BE;A;Hydaticus sp;AD;4;
2025-08-07;5;BE;B;Procambarus clarkii;AD;5;
2025-08-07;5;BE;B;Procambarus clarkii;JUV;1;
2025-08-07;5;BE;B;Procambarus clarkii;ALEV;3;
2025-08-07;5;BE;B;Anax parthenope;LAR;2;
2025-08-07;5;BE;B;Hydaticus sp;AD;1;
2025-08-07;5;FE;A;Procambarus clarkii;AD;2;
2025-08-07;5;FE;A;Procambarus clarkii;JUV;6;
2025-08-07;5;FE;A;Hydaticus sp;AD;6;
2025-08-07;5;FE;B;Procambarus clarkii;AD;4;
2025-08-07;5;FE;B;Procambarus clarkii;JUV;3;
2025-08-07;5;FE;B;Procambarus clarkii;ALEV;1;
2025-08-07;5;FE;B;Sympetrum fonscolombii;LAR;1;
2025-08-07;5;FE;B;Hydaticus sp;AD;4;
2025-08-07;5;FO;A;Procambarus clarkii;JUV;7;
2025-08-07;5;FO;A;Sympetrum fonscolombii;LAR;2;
2025-08-07;5;FO;A;Hydaticus sp;AD;4;
2025-08-07;5;FO;B;Procambarus clarkii;AD;4;
2025-08-07;5;FO;B;Hydaticus sp;AD;2;
2025-08-07;5;FO;B;Sympetrum fonscolombii;LAR;1;
2025-08-19;1;FO;A;Hydaticus sp;AD;2;
2025-08-19;1;FO;A;Ischnura sp;LAR;1;
2025-08-19;1;FO;B;Pelophylax perezi;RENAC;1;
2025-08-19;1;FC;A;Procambarus clarkii;AD;2;
2025-08-19;1;FC;A;Hydaticus sp;AD;1;
2025-08-19;1;FC;B;Procambarus clarkii;JUV;3;
2025-08-19;1;FC;B;Pelophylax perezi;RENAC;1;
2025-08-19;1;BE;A;Procambarus clarkii;JUV;2;
2025-08-19;1;BE;A;Pelophylax perezi;RENAC;2;
2025-08-19;1;BE;A;Ischnura sp;LAR;2;
2025-08-19;1;BE;A;Anax parthenope;LAR;1;
2025-08-19;1;BE;B;Pelophylax perezi;RENAC;1;
2025-08-19;1;BE;B;Hydaticus sp;AD;2;
2025-08-19;1;FE;A;Ischnura sp;LAR;1;
2025-08-19;1;FE;B;Pelophylax perezi;AD;1;
2025-08-19;1;FE;B;Ischnura sp;LAR;2;
2025-08-19;2;FE;A;Procambarus clarkii;AD;2;
2025-08-19;2;FE;A;Procambarus clarkii;JUV;1;
2025-08-19;2;FE;B;Procambarus clarkii;JUV;1;
2025-08-19;2;FC;A;Procambarus clarkii;AD;1;
2025-08-19;2;FC;A;Procambarus clarkii;JUV;5;
2025-08-19;2;FC;A;Anax parthenope;LAR;1;
2025-08-19;2;FC;A;Hydaticus sp;AD;1;
2025-08-19;2;FC;B;Procambarus clarkii;AD;2;
2025-08-19;2;FC;B;Pelophylax perezi;RENAC;1;
2025-08-19;2;FC;B;Anax parthenope;LAR;1;
2025-08-19;2;FC;B;Sympetrum fonscolombii;LAR;1;
2025-08-19;2;BE;A;Procambarus clarkii;AD;3;
2025-08-19;2;BE;A;Procambarus clarkii;JUV;3;
2025-08-19;2;BE;A;Sympetrum fonscolombii;LAR;1;
2025-08-19;2;BE;B;Pelophylax perezi;AD;1;
2025-08-19;2;BE;B;Pelophylax perezi;RENAC;1;
2025-08-19;2;FO;A;Procambarus clarkii;JUV;1;
2025-08-19;2;FO;A;Hydaticus sp;AD;1;
2025-08-19;2;FO;B;Procambarus clarkii;AD;1;
2025-08-19;2;FO;B;Sympetrum fonscolombii;LAR;2;
2025-08-19;2;FO;B;Dytiscus sp;AD;1;
2025-08-19;2;FO;B;Hydaticus sp;AD;4;
2025-08-19;3;FC;A;Procambarus clarkii;AD;1;
2025-08-19;3;FC;A;Procambarus clarkii;JUV;1;
2025-08-19;3;FC;A;Procambarus clarkii;ALEV;3;
2025-08-19;3;FC;B;Pelophylax perezi;RENAC;1;
2025-08-19;3;FC;B;Procambarus clarkii;JUV;6;
2025-08-19;3;BE;A;Procambarus clarkii;AD;3;
2025-08-19;3;BE;A;Procambarus clarkii;JUV;3;
2025-08-19;3;BE;B;Pelophylax perezi;AD;1;
2025-08-19;3;BE;B;Pelophylax perezi;RENAC;1;
2025-08-19;3;BE;B;Anax parthenope;LAR;1;
2025-08-19;3;BE;B;Procambarus clarkii;AD;3;
2025-08-19;3;BE;B;Procambarus clarkii;JUV;3;
2025-08-19;3;FE;A;Procambarus clarkii;AD;2;
2025-08-19;3;FE;A;Procambarus clarkii;JUV;5;
2025-08-19;3;FE;A;Misgurnus anguillicaudatus;AD;1;PEQUEÑO
2025-08-19;3;FE;B;Procambarus clarkii;JUV;3;
2025-08-19;3;FO;A;Procambarus clarkii;JUV;4;
2025-08-19;3;FO;A;Misgurnus anguillicaudatus;AD;1;
2025-08-19;3;FO;B;Procambarus clarkii;AD;2;
2025-08-19;3;FO;B;Procambarus clarkii;JUV;6;
2025-08-20;4;FO;A;Pelophylax perezi;AD;3;
2025-08-20;4;FO;A;Anax parthenope;LAR;1;
2025-08-20;4;FO;A;Sympetrum fonscolombii;LAR;1;
2025-08-20;4;FO;A;Hydaticus sp;AD;2;
2025-08-20;4;FO;B;Pelophylax perezi;AD;1;
2025-08-20;4;FO;B;Procambarus clarkii;JUV;1;
2025-08-20;4;FO;B;Procambarus clarkii;ALEV;1;
2025-08-20;4;FO;B;Hydaticus sp;AD;4;
2025-08-20;4;FO;B;Sympetrum fonscolombii;LAR;1;
2025-08-20;4;FO;B;Ischnura sp;LAR;2;
2025-08-20;4;FC;A;Anax parthenope;LAR;1;
2025-08-20;4;FC;A;Ischnura sp;LAR;1;
2025-08-20;4;FC;A;Procambarus clarkii;ALEV;1;
2025-08-20;4;FC;A;Procambarus clarkii;JUV;2;
2025-08-20;4;FC;B;Procambarus clarkii;AD;1;
2025-08-20;4;FC;B;Procambarus clarkii;JUV;2;
2025-08-20;4;FC;B;Procambarus clarkii;ALEV;3;
2025-08-20;4;FC;B;Hydaticus sp;AD;4;
2025-08-20;4;BE;A;Procambarus clarkii;JUV;1;
2025-08-20;4;BE;A;Anax imperator;LAR;1;
2025-08-20;4;BE;A;Hydaticus sp;AD;4;
2025-08-20;4;BE;A;Ischnura sp;LAR;4;
2025-08-20;4;BE;B;Anax parthenope;LAR;1;
2025-08-20;4;BE;B;Ischnura sp;LAR;1;
2025-08-20;4;FE;A;Procambarus clarkii;AD;1;
2025-08-20;4;FE;A;Procambarus clarkii;JUV;5;
2025-08-20;4;FE;A;Procambarus clarkii;ALEV;1;
2025-08-20;4;FE;A;Anax parthenope;LAR;2;
2025-08-20;4;FE;A;Hydaticus sp;AD;4;
2025-08-20;4;FE;A;Sympetrum fonscolombii;LAR;1;
2025-08-20;4;FE;B;Procambarus clarkii;AD;4;
2025-08-20;4;FE;B;Anax parthenope;LAR;2;
2025-08-20;5;FC;A;Procambarus clarkii;AD;6;
2025-08-20;5;FC;A;Procambarus clarkii;JUV;8;
2025-08-20;5;FC;A;Procambarus clarkii;ALEV;1;
2025-08-20;5;FC;A;Hydaticus sp;AD;3;
2025-08-20;5;FC;B;Procambarus clarkii;AD;6;
2025-08-20;5;FC;B;Procambarus clarkii;JUV;8;
2025-08-20;5;FC;B;Procambarus clarkii;ALEV;3;
2025-08-20;5;FC;B;Hydaticus sp;AD;2;
2025-08-20;5;FC;B;Ischnura sp;LAR;1;
2025-08-20;5;BE;A;Ischnura sp;LAR;4;
2025-08-20;5;BE;B;Misgurnus anguillicaudatus;AD;1;
2025-08-20;5;BE;B;Procambarus clarkii;AD;1;
2025-08-20;5;BE;B;Procambarus clarkii;JUV;7;
2025-08-20;5;BE;B;Hydaticus sp;AD;5;
2025-08-20;5;FE;A;Procambarus clarkii;AD;7;
2025-08-20;5;FE;A;Procambarus clarkii;JUV;42;
2025-08-20;5;FE;A;Hydaticus sp;AD;3;
2025-08-20;5;FE;B;Procambarus clarkii;AD;4;
2025-08-20;5;FE;B;Dytiscus sp;AD;1;
2025-08-20;5;FE;B;Procambarus clarkii;JUV;32;
2025-08-20;5;FO;A;Procambarus clarkii;AD;1;
2025-08-20;5;FO;A;Procambarus clarkii;JUV;6;
2025-08-20;5;FO;A;Procambarus clarkii;ALEV;1;
2025-08-20;5;FO;B;Procambarus clarkii;JUV;2;
2025-08-20;5;FO;B;Pelophylax perezi;AD;1;
2025-08-20;5;FO;B;Pelophylax perezi;RENAC;1;
